Step,FID Score
0,64.32276153564453
1,81.63189697265625
2,50.41876220703125
3,31.68584632873535
4,26.102008819580078
5,16.469104766845703
