Step,FID Score
0,65.77323150634766
1,61.62006759643555
2,45.898460388183594
3,44.14405059814453
4,40.80964660644531
5,20.44598960876465
